[
  {
    "model": "tracker.musclegroup",
    "pk": 1,
    "fields": {
      "name": "Chest"
    }
  },
  {
    "model": "tracker.musclegroup",
    "pk": 2,
    "fields": {
      "name": "Back"
    }
  },
  {
    "model": "tracker.musclegroup",
    "pk": 3,
    "fields": {
      "name": "Legs"
    }
  },
  {
    "model": "tracker.musclegroup",
    "pk": 4,
    "fields": {
      "name": "Shoulders"
    }
  },
  {
    "model": "tracker.musclegroup",
    "pk": 5,
    "fields": {
      "name": "Arms"
    }
  },
  {
    "model": "tracker.musclegroup",
    "pk": 6,
    "fields": {
      "name": "Core"
    }
  },
  {
    "model": "tracker.musclegroup",
    "pk": 7,
    "fields": {
      "name": "Glutes"
    }
  },
  {
    "model": "tracker.musclegroup",
    "pk": 8,
    "fields": {
      "name": "Cardio"
    }
  },
  {
    "model": "tracker.musclegroup",
    "pk": 9,
    "fields": {
      "name": "Forearms"
    }
  },
  {
    "model": "tracker.musclegroup",
    "pk": 10,
    "fields": {
      "name": "Calves"
    }
  },
  {
    "model": "tracker.exercise",
    "pk": 1,
    "fields": {
      "name": "Bench Press",
      "description": "Classic chest power.",
      "difficulty": "intermediate",
      "equipment": "Barbell",
      "muscle_group": 1
    }
  },
  {
    "model": "tracker.exercise",
    "pk": 2,
    "fields": {
      "name": "Deadlift",
      "description": "King of pulling.",
      "difficulty": "advanced",
      "equipment": "Barbell",
      "muscle_group": 2
    }
  },
  {
    "model": "tracker.exercise",
    "pk": 3,
    "fields": {
      "name": "Squat",
      "description": "Leg foundation.",
      "difficulty": "intermediate",
      "equipment": "Barbell",
      "muscle_group": 3
    }
  },
  {
    "model": "tracker.exercise",
    "pk": 4,
    "fields": {
      "name": "Overhead Press",
      "description": "Shoulder strength.",
      "difficulty": "intermediate",
      "equipment": "Barbell",
      "muscle_group": 4
    }
  },
  {
    "model": "tracker.exercise",
    "pk": 5,
    "fields": {
      "name": "Barbell Curl",
      "description": "Bicep builder.",
      "difficulty": "beginner",
      "equipment": "Barbell",
      "muscle_group": 5
    }
  },
  {
    "model": "tracker.exercise",
    "pk": 6,
    "fields": {
      "name": "Plank",
      "description": "Core stability.",
      "difficulty": "beginner",
      "equipment": "Bodyweight",
      "muscle_group": 6
    }
  },
  {
    "model": "tracker.exercise",
    "pk": 7,
    "fields": {
      "name": "Hip Thrust",
      "description": "Glute isolation.",
      "difficulty": "intermediate",
      "equipment": "Barbell",
      "muscle_group": 7
    }
  },
  {
    "model": "tracker.exercise",
    "pk": 8,
    "fields": {
      "name": "Burpees",
      "description": "Conditioning killer.",
      "difficulty": "intermediate",
      "equipment": "Bodyweight",
      "muscle_group": 8
    }
  },
  {
    "model": "tracker.exercise",
    "pk": 9,
    "fields": {
      "name": "Wrist Curls",
      "description": "Forearm pump.",
      "difficulty": "beginner",
      "equipment": "Dumbbell",
      "muscle_group": 9
    }
  },
  {
    "model": "tracker.exercise",
    "pk": 10,
    "fields": {
      "name": "Calf Raise",
      "description": "Don't skip these.",
      "difficulty": "beginner",
      "equipment": "Machine",
      "muscle_group": 10
    }
  },
  {
    "model": "tracker.exercise",
    "pk": 11,
    "fields": {
      "name": "Pull Ups",
      "description": "Back width.",
      "difficulty": "intermediate",
      "equipment": "Bodyweight",
      "muscle_group": 2
    }
  },
  {
    "model": "tracker.exercise",
    "pk": 12,
    "fields": {
      "name": "Lateral Raise",
      "description": "Side delts.",
      "difficulty": "beginner",
      "equipment": "Dumbbell",
      "muscle_group": 4
    }
  },
  {
    "model": "tracker.gymuser",
    "pk": 1,
    "fields": {
      "username": "power_user",
      "email": "power@gym.com",
      "password": "pbkdf2_sha256$720000$test$dummy",
      "bio": "Strongman",
      "height": "190.0",
      "weight": "110.0",
      "membership_type": "premium",
      "is_staff": false,
      "is_superuser": false,
      "date_joined": "2024-01-01T10:00:00Z"
    }
  },
  {
    "model": "tracker.gymuser",
    "pk": 2,
    "fields": {
      "username": "fit_sarah",
      "email": "sarah@gym.com",
      "password": "pbkdf2_sha256$720000$test$dummy",
      "bio": "Yoga & Gym",
      "height": "170.0",
      "weight": "65.0",
      "membership_type": "coach",
      "is_staff": false,
      "is_superuser": false,
      "date_joined": "2024-01-02T10:00:00Z"
    }
  },
  {
    "model": "tracker.gymuser",
    "pk": 3,
    "fields": {
      "username": "coach_mike",
      "email": "mike@gym.com",
      "password": "pbkdf2_sha256$720000$test$dummy",
      "bio": "PT 10yr exp",
      "height": "180.0",
      "weight": "85.0",
      "membership_type": "coach",
      "is_staff": true,
      "is_superuser": false,
      "date_joined": "2024-01-03T10:00:00Z"
    }
  },
  {
    "model": "tracker.gymuser",
    "pk": 4,
    "fields": {
      "username": "admin_bro",
      "email": "admin@gym.com",
      "password": "pbkdf2_sha256$720000$test$dummy",
      "bio": "The Boss",
      "height": "175.0",
      "weight": "80.0",
      "is_staff": true,
      "is_superuser": true,
      "date_joined": "2024-01-04T10:00:00Z"
    }
  },
  {
    "model": "tracker.gymuser",
    "pk": 5,
    "fields": {
      "username": "marathon_man",
      "email": "run@gym.com",
      "password": "pbkdf2_sha256$720000$test$dummy",
      "bio": "Endurance",
      "height": "178.0",
      "weight": "70.0",
      "membership_type": "premium",
      "is_staff": false,
      "is_superuser": false,
      "date_joined": "2024-01-05T10:00:00Z"
    }
  },
  {
    "model": "tracker.gymuser",
    "pk": 6,
    "fields": {
      "username": "kettle_bell",
      "email": "kb@gym.com",
      "password": "pbkdf2_sha256$720000$test$dummy",
      "bio": "Functional",
      "height": "165.0",
      "weight": "62.0",
      "is_staff": false,
      "is_superuser": false,
      "date_joined": "2024-01-06T10:00:00Z"
    }
  },
  {
    "model": "tracker.gymuser",
    "pk": 7,
    "fields": {
      "username": "beast_mode",
      "email": "beast@gym.com",
      "password": "pbkdf2_sha256$720000$test$dummy",
      "bio": "No pain no gain",
      "height": "185.0",
      "weight": "95.0",
      "is_staff": false,
      "is_superuser": false,
      "date_joined": "2024-01-07T10:00:00Z"
    }
  },
  {
    "model": "tracker.gymuser",
    "pk": 8,
    "fields": {
      "username": "yoga_queen",
      "email": "yoga@gym.com",
      "password": "pbkdf2_sha256$720000$test$dummy",
      "bio": "Flexibility first",
      "height": "160.0",
      "weight": "55.0",
      "is_staff": false,
      "is_superuser": false,
      "date_joined": "2024-01-08T10:00:00Z"
    }
  },
  {
    "model": "tracker.gymuser",
    "pk": 9,
    "fields": {
      "username": "weekend_warrior",
      "email": "ww@gym.com",
      "password": "pbkdf2_sha256$720000$test$dummy",
      "bio": "Busy Dad",
      "height": "177.0",
      "weight": "88.0",
      "is_staff": false,
      "is_superuser": false,
      "date_joined": "2024-01-09T10:00:00Z"
    }
  },
  {
    "model": "tracker.gymuser",
    "pk": 10,
    "fields": {
      "username": "pro_athlete",
      "email": "pro@gym.com",
      "password": "pbkdf2_sha256$720000$test$dummy",
      "bio": "Olympiad",
      "height": "182.0",
      "weight": "78.0",
      "is_staff": false,
      "is_superuser": false,
      "date_joined": "2024-01-10T10:00:00Z"
    }
  },
  {
    "model": "tracker.workoutplan",
    "pk": 1,
    "fields": {
      "name": "Full Body A",
      "description": "Compound focus.",
      "created_by": 3,
      "exercises": [
        1,
        2,
        3
      ],
      "goal": "strength",
      "created_at": "2024-03-01T10:00:00Z"
    }
  },
  {
    "model": "tracker.workoutplan",
    "pk": 2,
    "fields": {
      "name": "Push Day",
      "description": "Chest and Tri.",
      "created_by": 3,
      "exercises": [
        1,
        4,
        12
      ],
      "goal": "hypertrophy",
      "created_at": "2024-03-02T10:00:00Z"
    }
  },
  {
    "model": "tracker.workoutplan",
    "pk": 3,
    "fields": {
      "name": "Pull Day",
      "description": "Back and Bi.",
      "created_by": 3,
      "exercises": [
        2,
        11,
        5
      ],
      "goal": "hypertrophy",
      "created_at": "2024-03-03T10:00:00Z"
    }
  },
  {
    "model": "tracker.workoutplan",
    "pk": 4,
    "fields": {
      "name": "Leg Day",
      "description": "Quads/Glutes.",
      "created_by": 3,
      "exercises": [
        3,
        7,
        10
      ],
      "goal": "strength",
      "created_at": "2024-03-04T10:00:00Z"
    }
  },
  {
    "model": "tracker.workoutplan",
    "pk": 5,
    "fields": {
      "name": "Core Blast",
      "description": "15 min abs.",
      "created_by": 3,
      "exercises": [
        6
      ],
      "goal": "fat_loss",
      "created_at": "2024-03-05T10:00:00Z"
    }
  },
  {
    "model": "tracker.workoutplan",
    "pk": 6,
    "fields": {
      "name": "Cardio Burn",
      "description": "High heart rate.",
      "created_by": 3,
      "exercises": [
        8
      ],
      "goal": "fat_loss",
      "created_at": "2024-03-06T10:00:00Z"
    }
  },
  {
    "model": "tracker.workoutplan",
    "pk": 7,
    "fields": {
      "name": "The Big 3",
      "description": "S/B/D only.",
      "created_by": 1,
      "exercises": [
        1,
        2,
        3
      ],
      "goal": "strength",
      "created_at": "2024-03-07T10:00:00Z"
    }
  },
  {
    "model": "tracker.workoutplan",
    "pk": 8,
    "fields": {
      "name": "Beach Body",
      "description": "Arms and delts.",
      "created_by": 3,
      "exercises": [
        5,
        12,
        9
      ],
      "goal": "hypertrophy",
      "created_at": "2024-03-08T10:00:00Z"
    }
  },
  {
    "model": "tracker.workoutplan",
    "pk": 9,
    "fields": {
      "name": "Recovery",
      "description": "Light work.",
      "created_by": 3,
      "exercises": [
        6,
        10
      ],
      "goal": "strength",
      "created_at": "2024-03-09T10:00:00Z"
    }
  },
  {
    "model": "tracker.workoutplan",
    "pk": 10,
    "fields": {
      "name": "Elite Power",
      "description": "Advanced only.",
      "created_by": 4,
      "exercises": [
        2,
        4,
        7
      ],
      "goal": "strength",
      "created_at": "2024-03-10T10:00:00Z"
    }
  },
  {
    "model": "tracker.workoutlog",
    "pk": 1,
    "fields": {
      "user": 1,
      "workout_plan": 7,
      "date": "2024-03-20",
      "duration_minutes": 90,
      "notes": "New PR!",
      "is_personal_record": true
    }
  },
  {
    "model": "tracker.workoutlog",
    "pk": 2,
    "fields": {
      "user": 2,
      "workout_plan": 5,
      "date": "2024-03-21",
      "duration_minutes": 20,
      "notes": "Quick abs.",
      "is_personal_record": false
    }
  },
  {
    "model": "tracker.workoutlog",
    "pk": 3,
    "fields": {
      "user": 5,
      "workout_plan": 6,
      "date": "2024-03-22",
      "duration_minutes": 45,
      "notes": "Sweating.",
      "is_personal_record": false
    }
  },
  {
    "model": "tracker.workoutlog",
    "pk": 4,
    "fields": {
      "user": 7,
      "workout_plan": 1,
      "date": "2024-03-23",
      "duration_minutes": 60,
      "notes": "Solid.",
      "is_personal_record": false
    }
  },
  {
    "model": "tracker.workoutlog",
    "pk": 5,
    "fields": {
      "user": 10,
      "workout_plan": 10,
      "date": "2024-03-24",
      "duration_minutes": 120,
      "notes": "Pro session.",
      "is_personal_record": true
    }
  },
  {
    "model": "tracker.workoutlog",
    "pk": 6,
    "fields": {
      "user": 6,
      "workout_plan": 4,
      "date": "2024-03-25",
      "duration_minutes": 55,
      "notes": "Legs sore.",
      "is_personal_record": false
    }
  },
  {
    "model": "tracker.workoutlog",
    "pk": 7,
    "fields": {
      "user": 1,
      "workout_plan": 2,
      "date": "2024-03-26",
      "duration_minutes": 70,
      "notes": "Great pump.",
      "is_personal_record": false
    }
  },
  {
    "model": "tracker.workoutlog",
    "pk": 8,
    "fields": {
      "user": 9,
      "workout_plan": 9,
      "date": "2024-03-27",
      "duration_minutes": 30,
      "notes": "Active rest.",
      "is_personal_record": false
    }
  },
  {
    "model": "tracker.workoutlog",
    "pk": 9,
    "fields": {
      "user": 3,
      "workout_plan": 3,
      "date": "2024-03-28",
      "duration_minutes": 65,
      "notes": "Back day.",
      "is_personal_record": false
    }
  },
  {
    "model": "tracker.workoutlog",
    "pk": 10,
    "fields": {
      "user": 4,
      "workout_plan": 8,
      "date": "2024-03-29",
      "duration_minutes": 40,
      "notes": "Fast arm day.",
      "is_personal_record": false
    }
  }
]