[
  {
    "model": "tracker.musclegroup",
    "pk": 1,
    "fields": { "name": "Chest" }
  },
  {
    "model": "tracker.musclegroup",
    "pk": 2,
    "fields": { "name": "Back" }
  },
  {
    "model": "tracker.musclegroup",
    "pk": 3,
    "fields": { "name": "Legs" }
  },
  {
    "model": "tracker.musclegroup",
    "pk": 4,
    "fields": { "name": "Shoulders" }
  },
  {
    "model": "tracker.musclegroup",
    "pk": 5,
    "fields": { "name": "Arms" }
  },
  {
    "model": "tracker.musclegroup",
    "pk": 6,
    "fields": { "name": "Core" }
  },
  {
    "model": "tracker.musclegroup",
    "pk": 7,
    "fields": { "name": "Glutes" }
  },
  {
    "model": "tracker.musclegroup",
    "pk": 8,
    "fields": { "name": "Calves" }
  },
  {
    "model": "tracker.musclegroup",
    "pk": 9,
    "fields": { "name": "Forearms" }
  },
  {
    "model": "tracker.musclegroup",
    "pk": 10,
    "fields": { "name": "Traps" }
  },
  {
    "model": "tracker.musclegroup",
    "pk": 11,
    "fields": { "name": "Hamstrings" }
  },

  {
    "model": "tracker.exercise",
    "pk": 1,
    "fields": {
      "name": "Bench Press",
      "description": "Classic chest exercise using a barbell on a flat bench.",
      "difficulty": "intermediate",
      "equipment": "Barbell",
      "muscle_group": 1
    }
  },
  {
    "model": "tracker.exercise",
    "pk": 2,
    "fields": {
      "name": "Incline Dumbbell Press",
      "description": "Upper chest focused press on an incline bench.",
      "difficulty": "intermediate",
      "equipment": "Dumbbell",
      "muscle_group": 1
    }
  },
  {
    "model": "tracker.exercise",
    "pk": 3,
    "fields": {
      "name": "Push Up",
      "description": "Bodyweight chest exercise. Great for beginners.",
      "difficulty": "beginner",
      "equipment": "Bodyweight",
      "muscle_group": 1
    }
  },
  {
    "model": "tracker.exercise",
    "pk": 4,
    "fields": {
      "name": "Cable Fly",
      "description": "Isolation exercise for chest using cable machine.",
      "difficulty": "beginner",
      "equipment": "Cable",
      "muscle_group": 1
    }
  },
  {
    "model": "tracker.exercise",
    "pk": 5,
    "fields": {
      "name": "Pull Up",
      "description": "Compound back exercise using bodyweight.",
      "difficulty": "intermediate",
      "equipment": "Bodyweight",
      "muscle_group": 2
    }
  },
  {
    "model": "tracker.exercise",
    "pk": 6,
    "fields": {
      "name": "Deadlift",
      "description": "King of all exercises. Works the entire posterior chain.",
      "difficulty": "advanced",
      "equipment": "Barbell",
      "muscle_group": 2
    }
  },
  {
    "model": "tracker.exercise",
    "pk": 7,
    "fields": {
      "name": "Barbell Row",
      "description": "Horizontal pulling movement for a thick back.",
      "difficulty": "intermediate",
      "equipment": "Barbell",
      "muscle_group": 2
    }
  },
  {
    "model": "tracker.exercise",
    "pk": 8,
    "fields": {
      "name": "Lat Pulldown",
      "description": "Machine exercise targeting the latissimus dorsi.",
      "difficulty": "beginner",
      "equipment": "Machine",
      "muscle_group": 2
    }
  },
  {
    "model": "tracker.exercise",
    "pk": 9,
    "fields": {
      "name": "Squat",
      "description": "The fundamental leg exercise for strength and mass.",
      "difficulty": "intermediate",
      "equipment": "Barbell",
      "muscle_group": 3
    }
  },
  {
    "model": "tracker.exercise",
    "pk": 10,
    "fields": {
      "name": "Leg Press",
      "description": "Machine exercise targeting quads, hamstrings and glutes.",
      "difficulty": "beginner",
      "equipment": "Machine",
      "muscle_group": 3
    }
  },
  {
    "model": "tracker.exercise",
    "pk": 11,
    "fields": {
      "name": "Leg Extension",
      "description": "Isolation exercise for the quadriceps.",
      "difficulty": "beginner",
      "equipment": "Machine",
      "muscle_group": 3
    }
  },
  {
    "model": "tracker.exercise",
    "pk": 12,
    "fields": {
      "name": "Overhead Press",
      "description": "Vertical pressing movement for shoulder strength.",
      "difficulty": "intermediate",
      "equipment": "Barbell",
      "muscle_group": 4
    }
  },
  {
    "model": "tracker.exercise",
    "pk": 13,
    "fields": {
      "name": "Lateral Raise",
      "description": "Isolation exercise for the lateral deltoid.",
      "difficulty": "beginner",
      "equipment": "Dumbbell",
      "muscle_group": 4
    }
  },
  {
    "model": "tracker.exercise",
    "pk": 14,
    "fields": {
      "name": "Barbell Curl",
      "description": "Classic bicep isolation exercise.",
      "difficulty": "beginner",
      "equipment": "Barbell",
      "muscle_group": 5
    }
  },
  {
    "model": "tracker.exercise",
    "pk": 15,
    "fields": {
      "name": "Tricep Pushdown",
      "description": "Cable exercise isolating the triceps.",
      "difficulty": "beginner",
      "equipment": "Cable",
      "muscle_group": 5
    }
  },
  {
    "model": "tracker.exercise",
    "pk": 16,
    "fields": {
      "name": "Hammer Curl",
      "description": "Neutral grip curl targeting brachialis and brachioradialis.",
      "difficulty": "beginner",
      "equipment": "Dumbbell",
      "muscle_group": 5
    }
  },
  {
    "model": "tracker.exercise",
    "pk": 17,
    "fields": {
      "name": "Skull Crusher",
      "description": "Lying tricep extension with a barbell.",
      "difficulty": "intermediate",
      "equipment": "Barbell",
      "muscle_group": 5
    }
  },
  {
    "model": "tracker.exercise",
    "pk": 18,
    "fields": {
      "name": "Plank",
      "description": "Isometric core exercise for stability and endurance.",
      "difficulty": "beginner",
      "equipment": "Bodyweight",
      "muscle_group": 6
    }
  },
  {
    "model": "tracker.exercise",
    "pk": 19,
    "fields": {
      "name": "Cable Crunch",
      "description": "Weighted ab exercise using a cable machine.",
      "difficulty": "intermediate",
      "equipment": "Cable",
      "muscle_group": 6
    }
  },
  {
    "model": "tracker.exercise",
    "pk": 20,
    "fields": {
      "name": "Romanian Deadlift",
      "description": "Hip hinge movement targeting hamstrings and glutes.",
      "difficulty": "intermediate",
      "equipment": "Barbell",
      "muscle_group": 11
    }
  },
  {
    "model": "tracker.exercise",
    "pk": 21,
    "fields": {
      "name": "Hip Thrust",
      "description": "Glute focused exercise using a barbell.",
      "difficulty": "intermediate",
      "equipment": "Barbell",
      "muscle_group": 7
    }
  },
  {
    "model": "tracker.exercise",
    "pk": 22,
    "fields": {
      "name": "Standing Calf Raise",
      "description": "Isolation exercise for the gastrocnemius.",
      "difficulty": "beginner",
      "equipment": "Machine",
      "muscle_group": 8
    }
  },
  {
    "model": "tracker.exercise",
    "pk": 23,
    "fields": {
      "name": "Wrist Curl",
      "description": "Isolation exercise for forearm flexors.",
      "difficulty": "beginner",
      "equipment": "Barbell",
      "muscle_group": 9
    }
  },
  {
    "model": "tracker.exercise",
    "pk": 24,
    "fields": {
      "name": "Shrug",
      "description": "Isolation exercise for the trapezius muscle.",
      "difficulty": "beginner",
      "equipment": "Dumbbell",
      "muscle_group": 10
    }
  },
  {
    "model": "tracker.exercise",
    "pk": 25,
    "fields": {
      "name": "Front Squat",
      "description": "Barbell squat variation with the bar in front rack position.",
      "difficulty": "advanced",
      "equipment": "Barbell",
      "muscle_group": 3
    }
  },

  {
    "model": "tracker.gymuser",
    "pk": 1,
    "fields": {
      "username": "john_doe",
      "email": "john@gymbro.com",
      "first_name": "John",
      "last_name": "Doe",
      "password": "pbkdf2_sha256$720000$test$dummyhashvalue1234567890",
      "bio": "Powerlifter focused on strength gains. Training for 5 years.",
      "height": "182.00",
      "weight": "90.00",
      "date_of_birth": "1995-04-12",
      "membership_type": "premium",
      "is_superuser": false,
      "is_staff": false,
      "is_active": true,
      "date_joined": "2024-01-01T10:00:00Z",
      "groups": [],
      "user_permissions": []
    }
  },
  {
    "model": "tracker.gymuser",
    "pk": 2,
    "fields": {
      "username": "jane_fit",
      "email": "jane@gymbro.com",
      "first_name": "Jane",
      "last_name": "Smith",
      "password": "pbkdf2_sha256$720000$test$dummyhashvalue1234567890",
      "bio": "Loves hypertrophy training and yoga. Competing in bikini fitness.",
      "height": "165.00",
      "weight": "58.00",
      "date_of_birth": "1998-07-23",
      "membership_type": "premium",
      "is_superuser": false,
      "is_staff": false,
      "is_active": true,
      "date_joined": "2024-02-15T10:00:00Z",
      "groups": [],
      "user_permissions": []
    }
  },
  {
    "model": "tracker.gymuser",
    "pk": 3,
    "fields": {
      "username": "coach_mike",
      "email": "mike@gymbro.com",
      "first_name": "Mike",
      "last_name": "Johnson",
      "password": "pbkdf2_sha256$720000$test$dummyhashvalue1234567890",
      "bio": "Certified personal trainer with 10 years experience.",
      "height": "178.00",
      "weight": "82.00",
      "date_of_birth": "1988-11-05",
      "membership_type": "coach",
      "is_superuser": false,
      "is_staff": false,
      "is_active": true,
      "date_joined": "2024-01-10T10:00:00Z",
      "groups": [],
      "user_permissions": []
    }
  },
  {
    "model": "tracker.gymuser",
    "pk": 4,
    "fields": {
      "username": "alex_gains",
      "email": "alex@gymbro.com",
      "first_name": "Alex",
      "last_name": "Williams",
      "password": "pbkdf2_sha256$720000$test$dummyhashvalue1234567890",
      "bio": "Bodybuilder preparing for first competition.",
      "height": "180.00",
      "weight": "88.00",
      "date_of_birth": "1997-03-15",
      "membership_type": "premium",
      "is_superuser": false,
      "is_staff": false,
      "is_active": true,
      "date_joined": "2024-03-01T10:00:00Z",
      "groups": [],
      "user_permissions": []
    }
  },
  {
    "model": "tracker.gymuser",
    "pk": 5,
    "fields": {
      "username": "sara_strong",
      "email": "sara@gymbro.com",
      "first_name": "Sara",
      "last_name": "Brown",
      "password": "pbkdf2_sha256$720000$test$dummyhashvalue1234567890",
      "bio": "CrossFit enthusiast and marathon runner.",
      "height": "170.00",
      "weight": "65.00",
      "date_of_birth": "1993-09-28",
      "membership_type": "free",
      "is_superuser": false,
      "is_staff": false,
      "is_active": true,
      "date_joined": "2024-03-10T10:00:00Z",
      "groups": [],
      "user_permissions": []
    }
  },
  {
    "model": "tracker.gymuser",
    "pk": 6,
    "fields": {
      "username": "tom_lifts",
      "email": "tom@gymbro.com",
      "first_name": "Tom",
      "last_name": "Davis",
      "password": "pbkdf2_sha256$720000$test$dummyhashvalue1234567890",
      "bio": "Beginner lifter, 6 months in. Loving the journey.",
      "height": "175.00",
      "weight": "75.00",
      "date_of_birth": "2000-01-20",
      "membership_type": "free",
      "is_superuser": false,
      "is_staff": false,
      "is_active": true,
      "date_joined": "2024-04-01T10:00:00Z",
      "groups": [],
      "user_permissions": []
    }
  },
  {
    "model": "tracker.gymuser",
    "pk": 7,
    "fields": {
      "username": "coach_anna",
      "email": "anna@gymbro.com",
      "first_name": "Anna",
      "last_name": "Wilson",
      "password": "pbkdf2_sha256$720000$test$dummyhashvalue1234567890",
      "bio": "Yoga and pilates instructor turned strength coach.",
      "height": "168.00",
      "weight": "62.00",
      "date_of_birth": "1990-06-14",
      "membership_type": "coach",
      "is_superuser": false,
      "is_staff": false,
      "is_active": true,
      "date_joined": "2024-01-20T10:00:00Z",
      "groups": [],
      "user_permissions": []
    }
  },
  {
    "model": "tracker.gymuser",
    "pk": 8,
    "fields": {
      "username": "max_power",
      "email": "max@gymbro.com",
      "first_name": "Max",
      "last_name": "Taylor",
      "password": "pbkdf2_sha256$720000$test$dummyhashvalue1234567890",
      "bio": "Olympic weightlifter. Snatch PR 120kg.",
      "height": "176.00",
      "weight": "85.00",
      "date_of_birth": "1996-12-03",
      "membership_type": "premium",
      "is_superuser": false,
      "is_staff": false,
      "is_active": true,
      "date_joined": "2024-02-01T10:00:00Z",
      "groups": [],
      "user_permissions": []
    }
  },
  {
    "model": "tracker.gymuser",
    "pk": 9,
    "fields": {
      "username": "lily_active",
      "email": "lily@gymbro.com",
      "first_name": "Lily",
      "last_name": "Moore",
      "password": "pbkdf2_sha256$720000$test$dummyhashvalue1234567890",
      "bio": "Fitness model and online coach.",
      "height": "163.00",
      "weight": "55.00",
      "date_of_birth": "1999-05-17",
      "membership_type": "premium",
      "is_superuser": false,
      "is_staff": false,
      "is_active": true,
      "date_joined": "2024-02-20T10:00:00Z",
      "groups": [],
      "user_permissions": []
    }
  },
  {
    "model": "tracker.gymuser",
    "pk": 10,
    "fields": {
      "username": "rick_bulk",
      "email": "rick@gymbro.com",
      "first_name": "Rick",
      "last_name": "Martinez",
      "password": "pbkdf2_sha256$720000$test$dummyhashvalue1234567890",
      "bio": "Currently on a bulk. Aiming for 100kg bodyweight.",
      "height": "183.00",
      "weight": "95.00",
      "date_of_birth": "1994-08-09",
      "membership_type": "free",
      "is_superuser": false,
      "is_staff": false,
      "is_active": true,
      "date_joined": "2024-04-15T10:00:00Z",
      "groups": [],
      "user_permissions": []
    }
  },
  {
    "model": "tracker.gymuser",
    "pk": 11,
    "fields": {
      "username": "kat_shred",
      "email": "kat@gymbro.com",
      "first_name": "Kat",
      "last_name": "Anderson",
      "password": "pbkdf2_sha256$720000$test$dummyhashvalue1234567890",
      "bio": "Cutting season forever. Cardio queen.",
      "height": "160.00",
      "weight": "52.00",
      "date_of_birth": "2001-02-25",
      "membership_type": "free",
      "is_superuser": false,
      "is_staff": false,
      "is_active": true,
      "date_joined": "2024-05-01T10:00:00Z",
      "groups": [],
      "user_permissions": []
    }
  },

  {
    "model": "tracker.workoutplan",
    "pk": 1,
    "fields": {
      "name": "Beginner Full Body",
      "description": "A simple 3-day full body program for beginners.",
      "created_by": 3,
      "exercises": [3, 10, 13, 18, 14],
      "goal": "strength",
      "created_at": "2024-01-15T10:00:00Z"
    }
  },
  {
    "model": "tracker.workoutplan",
    "pk": 2,
    "fields": {
      "name": "Push Pull Legs",
      "description": "Classic PPL split for intermediate lifters. 6 days per week.",
      "created_by": 1,
      "exercises": [1, 2, 12, 5, 6, 7, 9, 20],
      "goal": "hypertrophy",
      "created_at": "2024-02-01T10:00:00Z"
    }
  },
  {
    "model": "tracker.workoutplan",
    "pk": 3,
    "fields": {
      "name": "Powerlifting Program",
      "description": "Focus on the big three: squat, bench, deadlift.",
      "created_by": 1,
      "exercises": [1, 6, 9],
      "goal": "strength",
      "created_at": "2024-03-01T10:00:00Z"
    }
  },
  {
    "model": "tracker.workoutplan",
    "pk": 4,
    "fields": {
      "name": "Hypertrophy Upper Body",
      "description": "Upper body focused program for muscle growth.",
      "created_by": 3,
      "exercises": [1, 2, 5, 7, 12, 14, 15, 16, 17],
      "goal": "hypertrophy",
      "created_at": "2024-02-10T10:00:00Z"
    }
  },
  {
    "model": "tracker.workoutplan",
    "pk": 5,
    "fields": {
      "name": "Leg Day Destroyer",
      "description": "Intense leg workout targeting all lower body muscle groups.",
      "created_by": 7,
      "exercises": [9, 10, 11, 20, 21, 22],
      "goal": "hypertrophy",
      "created_at": "2024-01-25T10:00:00Z"
    }
  },
  {
    "model": "tracker.workoutplan",
    "pk": 6,
    "fields": {
      "name": "Core and Conditioning",
      "description": "Full core workout with conditioning elements.",
      "created_by": 7,
      "exercises": [18, 19, 3, 22],
      "goal": "endurance",
      "created_at": "2024-03-05T10:00:00Z"
    }
  },
  {
    "model": "tracker.workoutplan",
    "pk": 7,
    "fields": {
      "name": "Olympic Lifting Program",
      "description": "Snatch and clean and jerk focused program for advanced athletes.",
      "created_by": 8,
      "exercises": [6, 9, 25, 12],
      "goal": "strength",
      "created_at": "2024-02-15T10:00:00Z"
    }
  },
  {
    "model": "tracker.workoutplan",
    "pk": 8,
    "fields": {
      "name": "Weight Loss Circuit",
      "description": "High rep circuit training designed for maximum calorie burn.",
      "created_by": 3,
      "exercises": [3, 18, 13, 22, 19],
      "goal": "weight_loss",
      "created_at": "2024-03-15T10:00:00Z"
    }
  },
  {
    "model": "tracker.workoutplan",
    "pk": 9,
    "fields": {
      "name": "Arm Specialization",
      "description": "Dedicated arm program for adding size to biceps and triceps.",
      "created_by": 4,
      "exercises": [14, 15, 16, 17, 23],
      "goal": "hypertrophy",
      "created_at": "2024-04-01T10:00:00Z"
    }
  },
  {
    "model": "tracker.workoutplan",
    "pk": 10,
    "fields": {
      "name": "Shoulder and Trap Builder",
      "description": "Dedicated program for building wide shoulders and thick traps.",
      "created_by": 4,
      "exercises": [12, 13, 24, 7],
      "goal": "hypertrophy",
      "created_at": "2024-04-10T10:00:00Z"
    }
  },
  {
    "model": "tracker.workoutplan",
    "pk": 11,
    "fields": {
      "name": "Glute and Hamstring Focus",
      "description": "Posterior chain program for glute and hamstring development.",
      "created_by": 9,
      "exercises": [20, 21, 6, 22],
      "goal": "hypertrophy",
      "created_at": "2024-04-20T10:00:00Z"
    }
  },

  {
    "model": "tracker.workoutlog",
    "pk": 1,
    "fields": {
      "user": 1,
      "workout_plan": 3,
      "date": "2024-03-10",
      "duration_minutes": 75,
      "notes": "Felt strong today. Hit a new squat PR at 140kg!",
      "is_personal_record": true
    }
  },
  {
    "model": "tracker.workoutlog",
    "pk": 2,
    "fields": {
      "user": 2,
      "workout_plan": 1,
      "date": "2024-03-11",
      "duration_minutes": 45,
      "notes": "Good session, getting the hang of the movements.",
      "is_personal_record": false
    }
  },
  {
    "model": "tracker.workoutlog",
    "pk": 3,
    "fields": {
      "user": 1,
      "workout_plan": 2,
      "date": "2024-03-12",
      "duration_minutes": 90,
      "notes": "Tough push day. Shoulders were on fire.",
      "is_personal_record": false
    }
  },
  {
    "model": "tracker.workoutlog",
    "pk": 4,
    "fields": {
      "user": 3,
      "workout_plan": 4,
      "date": "2024-03-13",
      "duration_minutes": 60,
      "notes": "Great energy in the gym today.",
      "is_personal_record": false
    }
  },
  {
    "model": "tracker.workoutlog",
    "pk": 5,
    "fields": {
      "user": 4,
      "workout_plan": 9,
      "date": "2024-03-14",
      "duration_minutes": 55,
      "notes": "Arm pump was insane today.",
      "is_personal_record": false
    }
  },
  {
    "model": "tracker.workoutlog",
    "pk": 6,
    "fields": {
      "user": 5,
      "workout_plan": 6,
      "date": "2024-03-15",
      "duration_minutes": 40,
      "notes": "Quick core session before my run.",
      "is_personal_record": false
    }
  },
  {
    "model": "tracker.workoutlog",
    "pk": 7,
    "fields": {
      "user": 8,
      "workout_plan": 7,
      "date": "2024-03-16",
      "duration_minutes": 100,
      "notes": "New snatch PR — 125kg! Years of work paying off.",
      "is_personal_record": true
    }
  },
  {
    "model": "tracker.workoutlog",
    "pk": 8,
    "fields": {
      "user": 6,
      "workout_plan": 1,
      "date": "2024-03-17",
      "duration_minutes": 50,
      "notes": "Third session this week. Getting stronger every day!",
      "is_personal_record": false
    }
  },
  {
    "model": "tracker.workoutlog",
    "pk": 9,
    "fields": {
      "user": 2,
      "workout_plan": 5,
      "date": "2024-03-18",
      "duration_minutes": 65,
      "notes": "Leg day was brutal. Can barely walk.",
      "is_personal_record": false
    }
  },
  {
    "model": "tracker.workoutlog",
    "pk": 10,
    "fields": {
      "user": 9,
      "workout_plan": 11,
      "date": "2024-03-19",
      "duration_minutes": 70,
      "notes": "Hip thrusts felt amazing. New PR on glute bridge.",
      "is_personal_record": true
    }
  },
  {
    "model": "tracker.workoutlog",
    "pk": 11,
    "fields": {
      "user": 10,
      "workout_plan": 2,
      "date": "2024-03-20",
      "duration_minutes": 85,
      "notes": "First PPL session. Loved the volume.",
      "is_personal_record": false
    }
  },
  {
    "model": "tracker.workoutlog",
    "pk": 12,
    "fields": {
      "user": 1,
      "workout_plan": 3,
      "date": "2024-03-21",
      "duration_minutes": 80,
      "notes": "Bench press PR — 120kg. Everything clicked today.",
      "is_personal_record": true
    }
  },
  {
    "model": "tracker.workoutlog",
    "pk": 13,
    "fields": {
      "user": 4,
      "workout_plan": 10,
      "date": "2024-03-22",
      "duration_minutes": 60,
      "notes": "Shoulders feeling wide. OHP going up nicely.",
      "is_personal_record": false
    }
  },
  {
    "model": "tracker.workoutlog",
    "pk": 14,
    "fields": {
      "user": 11,
      "workout_plan": 8,
      "date": "2024-03-23",
      "duration_minutes": 35,
      "notes": "Circuit training session. Sweated buckets.",
      "is_personal_record": false
    }
  },
  {
    "model": "tracker.workoutlog",
    "pk": 15,
    "fields": {
      "user": 7,
      "workout_plan": 6,
      "date": "2024-03-24",
      "duration_minutes": 45,
      "notes": "Core feels much stronger after 4 weeks.",
      "is_personal_record": false
    }
  }
]